Date,Country,Value
2020-02-01,United States,100.0
2020-02-02,United States,99.98
2020-02-03,United States,99.97
2020-02-04,United States,100.03
2020-02-05,United States,100.12
2020-02-06,United States,100.24
2020-02-07,United States,100.2
2020-02-08,United States,100.24
2020-02-09,United States,100.23
2020-02-10,United States,100.26
2020-02-11,United States,100.23
2020-02-12,United States,100.19
2020-02-13,United States,100.12
2020-02-14,United States,100.09
2020-02-15,United States,99.8
2020-02-16,United States,99.61
2020-02-17,United States,99.38
2020-02-18,United States,99.21
2020-02-19,United States,98.98
2020-02-20,United States,98.74
2020-02-21,United States,98.54
2020-02-22,United States,98.45
2020-02-23,United States,98.41
2020-02-24,United States,98.34
2020-02-25,United States,98.3
2020-02-26,United States,98.31
2020-02-27,United States,98.36
2020-02-28,United States,98.4
2020-02-29,United States,98.54
2020-03-01,United States,98.56
2020-03-02,United States,98.59
2020-03-03,United States,98.55
2020-03-04,United States,98.44
2020-03-05,United States,98.31
2020-03-06,United States,98.18
2020-03-07,United States,98.06
2020-03-08,United States,97.94
2020-03-09,United States,97.77
2020-03-10,United States,97.71
2020-03-11,United States,97.64
2020-03-12,United States,97.54
2020-03-13,United States,97.34
2020-03-14,United States,97.1
2020-03-15,United States,96.82
2020-03-16,United States,96.6
2020-03-17,United States,96.04
2020-03-18,United States,95.34
2020-03-19,United States,94.51
2020-03-20,United States,93.48
2020-03-21,United States,92.08
2020-03-22,United States,90.8
2020-03-23,United States,89.42
2020-03-24,United States,88.15
2020-03-25,United States,86.81
2020-03-26,United States,85.42
2020-03-27,United States,83.94
2020-03-28,United States,82.74
2020-03-29,United States,81.43
2020-03-30,United States,80.21
2020-03-31,United States,78.99
2020-04-01,United States,77.75
2020-04-02,United States,76.55
2020-04-03,United States,75.65
2020-04-04,United States,74.48
2020-04-05,United States,73.25
2020-04-06,United States,72.15
2020-04-07,United States,71.02
2020-04-08,United States,70.19
2020-04-09,United States,69.35
2020-04-10,United States,68.45
2020-04-11,United States,67.88
2020-04-12,United States,67.33
2020-04-13,United States,66.71
2020-04-14,United States,66.23
2020-04-15,United States,65.64
2020-04-16,United States,65.15
2020-04-17,United States,64.7
2020-04-18,United States,64.34
2020-04-19,United States,63.98
2020-04-20,United States,63.71
2020-04-21,United States,63.43
2020-04-22,United States,63.16
2020-04-23,United States,62.91
2020-04-24,United States,62.71
2020-04-25,United States,62.54
2020-04-26,United States,62.39
2020-04-27,United States,62.15
2020-04-28,United States,61.92
2020-04-29,United States,61.74
2020-04-30,United States,61.6
2020-05-01,United States,61.5
2020-05-02,United States,61.34
2020-05-03,United States,61.16
2020-05-04,United States,61.01
2020-05-05,United States,60.94
2020-05-06,United States,60.93
2020-05-07,United States,60.91
2020-05-08,United States,60.97
2020-05-09,United States,61.15
2020-05-10,United States,61.37
2020-05-11,United States,61.52
2020-05-12,United States,61.65
2020-05-13,United States,61.42
2020-05-14,United States,61.47
2020-05-15,United States,61.66
2020-05-16,United States,61.68
2020-05-17,United States,61.73
2020-05-18,United States,61.81
2020-05-19,United States,61.89
2020-05-20,United States,62.32
2020-05-21,United States,62.6
2020-05-22,United States,62.73
2020-05-23,United States,62.97
2020-05-24,United States,63.13
2020-05-25,United States,63.28
2020-05-26,United States,63.4
2020-05-27,United States,63.51
2020-05-28,United States,63.52
2020-05-29,United States,63.7
2020-05-30,United States,64.01
2020-05-31,United States,64.27
2020-06-01,United States,64.5
2020-06-02,United States,64.81
2020-06-03,United States,65.14
2020-06-04,United States,65.52
2020-06-05,United States,65.77
2020-06-06,United States,65.97
2020-06-07,United States,66.21
2020-06-08,United States,66.47
2020-06-09,United States,66.75
2020-06-10,United States,66.98
2020-06-11,United States,67.23
2020-06-12,United States,67.46
2020-06-13,United States,67.7
2020-06-14,United States,68.06
2020-06-15,United States,68.42
2020-06-16,United States,68.79
2020-06-17,United States,69.15
2020-06-18,United States,69.53
2020-06-19,United States,69.95
2020-06-20,United States,70.43
2020-06-21,United States,70.9
2020-06-22,United States,71.39
2020-06-23,United States,71.6
2020-06-24,United States,71.85
2020-06-25,United States,72.08
2020-06-26,United States,72.27
2020-06-27,United States,72.33
2020-06-28,United States,72.34
2020-06-29,United States,72.4
2020-06-30,United States,72.71
2020-07-01,United States,72.99
2020-07-02,United States,73.24
2020-07-03,United States,73.53
2020-07-04,United States,73.81
2020-07-05,United States,74.09
2020-07-06,United States,74.33
2020-07-07,United States,74.54
2020-07-08,United States,74.85
2020-07-09,United States,75.24
2020-07-10,United States,75.6
2020-07-11,United States,76.01
2020-07-12,United States,76.41
2020-07-13,United States,76.77
2020-07-14,United States,77.21
2020-07-15,United States,77.47
2020-07-16,United States,77.67
2020-07-17,United States,77.85
2020-07-18,United States,77.88
2020-07-19,United States,78.05
2020-07-20,United States,78.23
2020-07-21,United States,78.36
2020-07-22,United States,78.6
2020-07-23,United States,78.86
2020-07-24,United States,79.16
2020-07-25,United States,79.58
2020-07-26,United States,79.86
2020-07-27,United States,80.12
2020-07-28,United States,80.39
2020-07-29,United States,80.62
2020-07-30,United States,80.85
2020-07-31,United States,81.03
2020-08-01,United States,81.15
2020-08-02,United States,81.24
2020-08-03,United States,81.36
2020-08-04,United States,81.39
2020-08-05,United States,81.45
2020-08-06,United States,81.39
2020-08-07,United States,81.35
2020-08-08,United States,81.38
2020-08-09,United States,81.44
2020-08-10,United States,81.46
2020-08-11,United States,81.56
2020-08-12,United States,81.51
2020-08-13,United States,81.52
2020-08-14,United States,81.58
2020-08-15,United States,81.45
2020-08-16,United States,81.48
2020-08-17,United States,81.5
2020-08-18,United States,81.5
2020-08-19,United States,81.64
2020-08-20,United States,81.8
2020-08-21,United States,81.9
2020-08-22,United States,82.16
2020-08-23,United States,82.25
2020-08-24,United States,82.38
2020-08-25,United States,82.56
2020-08-26,United States,82.72
2020-08-27,United States,82.83
2020-08-28,United States,82.98
2020-08-29,United States,83.17
2020-08-30,United States,83.39
2020-08-31,United States,83.59
2020-09-01,United States,83.7
2020-09-02,United States,83.79
2020-09-03,United States,83.95
2020-09-04,United States,84.09
2020-09-05,United States,84.15
2020-09-06,United States,84.25
2020-09-07,United States,84.33
2020-09-08,United States,84.4
2020-09-09,United States,84.52
2020-09-10,United States,84.71
2020-09-11,United States,84.94
2020-09-12,United States,85.1
2020-09-13,United States,85.2
2020-09-14,United States,85.35
2020-09-15,United States,85.61
2020-09-16,United States,85.85
2020-09-17,United States,86.04
2020-09-18,United States,86.21
2020-09-19,United States,86.38
2020-09-20,United States,86.61
2020-09-21,United States,86.77
2020-09-22,United States,86.96
2020-09-23,United States,87.14
2020-09-24,United States,87.29
2020-09-25,United States,87.45
2020-09-26,United States,87.62
2020-09-27,United States,87.78
2020-09-28,United States,88.03
2020-09-29,United States,88.31
2020-09-30,United States,88.58
2020-10-01,United States,88.74
2020-10-02,United States,88.9
2020-10-03,United States,89.12
2020-10-04,United States,89.29
2020-10-05,United States,89.45
2020-10-06,United States,89.49
2020-10-07,United States,89.58
2020-10-08,United States,89.82
2020-10-09,United States,90.06
2020-10-10,United States,90.3
2020-10-11,United States,90.58
2020-10-12,United States,90.83
2020-10-13,United States,91.04
2020-10-14,United States,91.19
2020-10-15,United States,91.27
2020-10-16,United States,91.28
2020-10-17,United States,91.2
2020-10-18,United States,91.2
2020-10-19,United States,91.17
2020-10-20,United States,91.26
2020-10-21,United States,91.41
2020-10-22,United States,91.57
2020-10-23,United States,91.73
2020-10-24,United States,92.01
2020-10-25,United States,92.17
2020-10-26,United States,92.36
2020-10-27,United States,92.52
2020-10-28,United States,92.63
2020-10-29,United States,92.78
2020-10-30,United States,92.92
2020-10-31,United States,93.01
2020-11-01,United States,93.13
2020-11-02,United States,93.22
2020-11-03,United States,93.3
2020-11-04,United States,93.39
2020-11-05,United States,93.42
2020-11-06,United States,93.51
2020-11-07,United States,93.61
2020-11-08,United States,93.7
2020-11-09,United States,93.78
2020-11-10,United States,93.83
2020-11-11,United States,93.87
2020-11-12,United States,93.93
2020-11-13,United States,93.97
2020-11-14,United States,93.76
2020-11-15,United States,93.7
2020-11-16,United States,93.67
2020-11-17,United States,93.69
2020-11-18,United States,93.76
2020-11-19,United States,93.83
2020-11-20,United States,93.91
2020-11-21,United States,94.24
2020-11-22,United States,94.46
2020-11-23,United States,94.72
2020-11-24,United States,94.96
2020-11-25,United States,95.08
2020-11-26,United States,95.28
2020-11-27,United States,95.37
2020-11-28,United States,95.44
2020-11-29,United States,95.43
2020-11-30,United States,95.44
2020-12-01,United States,95.35
2020-12-02,United States,95.32
2020-12-03,United States,95.29
2020-12-04,United States,95.3
2020-12-05,United States,95.37
2020-12-06,United States,95.4
2020-12-07,United States,95.41
2020-12-08,United States,95.48
2020-12-09,United States,95.52
2020-12-10,United States,95.5
2020-12-11,United States,95.58
2020-12-12,United States,95.52
2020-12-13,United States,95.66
2020-12-14,United States,95.8
2020-12-15,United States,95.92
2020-12-16,United States,96.05
2020-12-17,United States,96.1
2020-12-18,United States,96.12
2020-12-19,United States,96.2
2020-12-20,United States,96.19
2020-12-21,United States,96.16
2020-12-22,United States,96.2
2020-12-23,United States,96.23
2020-12-24,United States,96.33
2020-12-25,United States,96.41
2020-12-26,United States,96.5
2020-12-27,United States,96.58
2020-12-28,United States,96.64
2020-12-29,United States,96.7
2020-12-30,United States,96.81
2020-12-31,United States,96.84
2021-01-01,United States,96.72
2021-01-02,United States,96.49
2021-01-03,United States,96.23
2021-01-04,United States,96.05
2021-01-05,United States,95.87
2021-01-06,United States,95.84
2021-01-07,United States,95.89
2021-01-08,United States,96.27
2021-01-09,United States,96.71
2021-01-10,United States,97.27
2021-01-11,United States,97.72
2021-01-12,United States,98.08
2021-01-13,United States,98.25
2021-01-14,United States,98.48
2021-01-15,United States,98.58
2021-01-16,United States,98.79
2021-01-17,United States,98.86
2021-01-18,United States,98.96
2021-01-19,United States,99.14
2021-01-20,United States,99.35
2021-01-21,United States,99.43
2021-01-22,United States,99.5
2021-01-23,United States,99.32
2021-01-24,United States,99.36
2021-01-25,United States,99.41
2021-01-26,United States,99.44
2021-01-27,United States,99.44
2021-01-28,United States,99.61
2021-01-29,United States,99.73
2021-01-30,United States,100.08
2021-01-31,United States,100.32
2021-02-01,United States,100.54
2021-02-02,United States,100.81
2021-02-03,United States,101.0
2021-02-04,United States,100.98
2021-02-05,United States,101.26
2021-02-06,United States,101.39
2021-02-07,United States,101.58
2021-02-08,United States,101.72
2021-02-09,United States,101.86
2021-02-10,United States,102.12
2021-02-11,United States,102.5
2021-02-12,United States,102.69
2021-02-13,United States,102.94
2021-02-14,United States,103.13
2021-02-15,United States,103.36
2021-02-16,United States,103.52
2021-02-17,United States,103.6
2021-02-18,United States,103.69
2021-02-19,United States,103.73
2021-02-20,United States,103.62
2021-02-21,United States,103.64
2021-02-22,United States,103.67
2021-02-23,United States,103.74
2021-02-24,United States,103.87
2021-02-25,United States,103.99
2021-02-26,United States,104.14
2021-02-27,United States,104.44
2021-02-28,United States,104.62
2021-03-01,United States,104.68
2021-03-02,United States,104.72
2021-03-03,United States,104.83
2021-03-04,United States,105.02
2021-03-05,United States,105.25
2021-03-06,United States,105.39
2021-03-07,United States,105.61
2021-03-08,United States,105.97
2021-03-09,United States,106.39
2021-03-10,United States,106.71
2021-03-11,United States,107.03
2021-03-12,United States,107.33
2021-03-13,United States,107.83
2021-03-14,United States,108.15
2021-03-15,United States,108.45
2021-03-16,United States,108.69
2021-03-17,United States,108.95
2021-03-18,United States,109.27
2021-03-19,United States,109.61
2021-03-20,United States,109.87
2021-03-21,United States,110.26
2021-03-22,United States,110.58
2021-03-23,United States,111.11
2021-03-24,United States,111.59
2021-03-25,United States,111.96
2021-03-26,United States,112.35
2021-03-27,United States,112.84
2021-03-28,United States,113.23
2021-03-29,United States,113.73
2021-03-30,United States,114.13
2021-03-31,United States,114.64
2021-04-01,United States,115.03
2021-04-02,United States,115.35
2021-04-03,United States,115.62
2021-04-04,United States,115.95
2021-04-05,United States,116.25
2021-04-06,United States,116.45
2021-04-07,United States,116.49
2021-04-08,United States,116.65
2021-04-09,United States,116.93
2021-04-10,United States,117.05
2021-04-11,United States,117.13
2021-04-12,United States,117.24
2021-04-13,United States,117.38
2021-04-14,United States,117.71
2021-04-15,United States,118.06
2021-04-16,United States,118.33
2021-04-17,United States,118.77
2021-04-18,United States,119.23
2021-04-19,United States,119.64
2021-04-20,United States,120.09
2021-04-21,United States,120.49
2021-04-22,United States,120.87
2021-04-23,United States,121.29
2021-04-24,United States,121.68
2021-04-25,United States,121.98
2021-04-26,United States,122.28
2021-04-27,United States,122.49
2021-04-28,United States,122.69
2021-04-29,United States,122.87
2021-04-30,United States,122.97
2021-05-01,United States,122.96
2021-05-02,United States,122.93
2021-05-03,United States,122.94
2021-05-04,United States,123.0
2021-05-05,United States,123.09
2021-05-06,United States,123.23
2021-05-07,United States,123.1
2021-05-08,United States,123.39
2021-05-09,United States,123.8
2021-05-10,United States,124.12
2021-05-11,United States,124.47
2021-05-12,United States,124.82
2021-05-13,United States,125.12
2021-05-14,United States,125.64
2021-05-15,United States,125.73
2021-05-16,United States,125.78
2021-05-17,United States,125.83
2021-05-18,United States,125.8
2021-05-19,United States,125.68
2021-05-20,United States,125.66
2021-05-21,United States,125.61
2021-05-22,United States,125.47
2021-05-23,United States,125.55
2021-05-24,United States,125.62
2021-05-25,United States,125.78
2021-05-26,United States,126.02
2021-05-27,United States,126.25
2021-05-28,United States,126.56
2021-05-29,United States,127.11
2021-05-30,United States,127.46
2021-05-31,United States,127.87
2021-06-01,United States,128.01
2021-06-02,United States,128.11
2021-06-03,United States,128.2
2021-06-04,United States,128.31
2021-06-05,United States,128.32
2021-06-06,United States,128.36
2021-06-07,United States,128.29
2021-06-08,United States,128.43
2021-06-09,United States,128.64
2021-06-10,United States,128.78
2021-06-11,United States,128.92
2021-06-12,United States,129.05
2021-06-13,United States,129.18
2021-06-14,United States,129.44
2021-06-15,United States,129.69
2021-06-16,United States,129.86
2021-06-17,United States,129.98
2021-06-18,United States,130.04
2021-06-19,United States,130.25
2021-06-20,United States,130.4
2021-06-21,United States,130.59
2021-06-22,United States,130.72
2021-06-23,United States,130.97
2021-06-24,United States,131.24
2021-06-25,United States,131.51
2021-06-26,United States,131.88
2021-06-27,United States,132.18
2021-06-28,United States,132.54
2021-06-29,United States,132.94
2021-06-30,United States,133.19
2021-07-01,United States,133.45
2021-07-02,United States,133.73
2021-07-03,United States,133.94
2021-07-04,United States,134.24
2021-07-05,United States,134.43
2021-07-06,United States,134.62
2021-07-07,United States,134.82
2021-07-08,United States,135.11
2021-07-09,United States,135.43
2021-07-10,United States,135.46
2021-07-11,United States,135.5
2021-07-12,United States,135.53
2021-07-13,United States,135.63
2021-07-14,United States,135.74
2021-07-15,United States,135.9
2021-07-16,United States,135.98
2021-07-17,United States,136.21
2021-07-18,United States,136.57
2021-07-19,United States,136.97
2021-07-20,United States,137.25
2021-07-21,United States,137.21
2021-07-22,United States,136.99
2021-07-23,United States,136.77
2021-07-24,United States,136.46
2021-07-25,United States,135.99
2021-07-26,United States,135.41
2021-07-27,United States,134.97
2021-07-28,United States,134.81
2021-07-29,United States,134.75
2021-07-30,United States,134.59
2021-07-31,United States,134.71
2021-08-01,United States,134.74
2021-08-02,United States,134.82
2021-08-03,United States,134.8
2021-08-04,United States,134.85
2021-08-05,United States,134.96
2021-08-06,United States,135.25
2021-08-07,United States,135.15
2021-08-08,United States,135.28
2021-08-09,United States,135.45
2021-08-10,United States,135.62
2021-08-11,United States,135.72
2021-08-12,United States,135.84
2021-08-13,United States,135.94
2021-08-14,United States,136.22
2021-08-15,United States,136.39
2021-08-16,United States,136.5
2021-08-17,United States,136.64
2021-08-18,United States,136.79
2021-08-19,United States,136.97
2021-08-20,United States,137.12
2021-08-21,United States,137.31
2021-08-22,United States,137.59
2021-08-23,United States,137.86
2021-08-24,United States,138.08
2021-08-25,United States,138.41
2021-08-26,United States,138.64
2021-08-27,United States,138.84
2021-08-28,United States,139.03
2021-08-29,United States,139.23
2021-08-30,United States,139.48
2021-08-31,United States,139.72
2021-09-01,United States,139.75
2021-09-02,United States,139.82
2021-09-03,United States,139.94
2021-09-04,United States,139.96
2021-09-05,United States,140.11
2021-09-06,United States,140.31
2021-09-07,United States,140.3
2021-09-08,United States,140.57
2021-09-09,United States,140.81
2021-09-10,United States,140.85
2021-09-11,United States,140.94
2021-09-12,United States,140.83
2021-09-13,United States,140.72
2021-09-14,United States,141.08
2021-09-15,United States,141.34
2021-09-16,United States,141.47
2021-09-17,United States,141.75
2021-09-18,United States,142.04
2021-09-19,United States,142.35
2021-09-20,United States,142.6
2021-09-21,United States,142.57
2021-09-22,United States,142.58
2021-09-23,United States,142.67
2021-09-24,United States,142.78
2021-09-25,United States,142.85
2021-09-26,United States,142.93
2021-09-27,United States,143.07
2021-09-28,United States,143.35
2021-09-29,United States,143.58
2021-09-30,United States,143.86
2021-10-01,United States,144.17
2021-10-02,United States,144.54
2021-10-03,United States,144.81
2021-10-04,United States,145.06
2021-10-05,United States,145.23
2021-10-06,United States,145.37
2021-10-07,United States,145.46
2021-10-08,United States,145.59
2021-10-09,United States,145.86
2021-10-10,United States,146.03
2021-10-11,United States,146.26
2021-10-12,United States,146.35
2021-10-13,United States,146.38
2021-10-14,United States,146.56
2021-10-15,United States,146.68
2021-10-16,United States,146.51
2021-10-17,United States,146.67
2021-10-18,United States,146.72
2021-10-19,United States,146.93
2021-10-20,United States,147.15
2021-10-21,United States,147.34
2021-10-22,United States,147.56
2021-10-23,United States,148.0
2021-10-24,United States,148.2
2021-10-25,United States,148.47
2021-10-26,United States,148.73
2021-10-27,United States,148.99
2021-10-28,United States,149.2
2021-10-29,United States,149.42
2021-10-30,United States,149.68
2021-10-31,United States,149.87
2021-11-01,United States,150.16
2021-11-02,United States,150.45
2021-11-03,United States,150.73
2021-11-04,United States,150.98
2021-11-05,United States,151.22
2021-11-06,United States,151.24
2021-11-07,United States,151.47
2021-11-08,United States,151.61
2021-11-09,United States,151.67
2021-11-10,United States,151.76
2021-11-11,United States,152.04
2021-11-12,United States,152.19
2021-11-13,United States,152.46
2021-11-14,United States,152.64
2021-11-15,United States,152.82
2021-11-16,United States,153.16
2021-11-17,United States,153.57
2021-11-18,United States,153.82
2021-11-19,United States,154.29
2021-11-20,United States,154.54
2021-11-21,United States,155.1
2021-11-22,United States,155.68
2021-11-23,United States,156.09
2021-11-24,United States,156.48
2021-11-25,United States,156.75
2021-11-26,United States,156.91
2021-11-27,United States,157.29
2021-11-28,United States,157.31
2021-11-29,United States,157.31
2021-11-30,United States,157.46
2021-12-01,United States,157.51
2021-12-02,United States,157.76
2021-12-03,United States,157.93
2021-12-04,United States,158.39
2021-12-05,United States,158.86
2021-12-06,United States,159.36
2021-12-07,United States,159.68
2021-12-08,United States,160.06
2021-12-09,United States,160.34
2021-12-10,United States,160.67
2021-12-11,United States,160.55
2021-12-12,United States,160.72
2021-12-13,United States,160.84
2021-12-14,United States,161.14
2021-12-15,United States,161.32
2021-12-16,United States,161.43
2021-12-17,United States,161.75
2021-12-18,United States,162.21
2021-12-19,United States,162.43
2021-12-20,United States,162.67
2021-12-21,United States,162.66
2021-12-22,United States,162.65
2021-12-23,United States,162.78
2021-12-24,United States,162.74
2021-12-25,United States,162.83
2021-12-26,United States,162.88
2021-12-27,United States,163.02
2021-12-28,United States,163.36
2021-12-29,United States,163.65
2021-12-30,United States,163.86
2021-12-31,United States,163.93
2022-01-01,United States,163.89
2022-01-02,United States,163.48
2022-01-03,United States,162.95
2022-01-04,United States,162.58
2022-01-05,United States,162.27
2022-01-06,United States,161.96
2022-01-07,United States,161.75
2022-01-08,United States,161.4
2022-01-09,United States,161.52
2022-01-10,United States,161.63
2022-01-11,United States,161.46
2022-01-12,United States,161.33
2022-01-13,United States,161.17
2022-01-14,United States,160.57
2022-01-15,United States,160.57
2022-01-16,United States,160.39
2022-01-17,United States,160.23
2022-01-18,United States,160.2
2022-01-19,United States,160.17
2022-01-20,United States,160.13
2022-01-21,United States,160.43
2022-01-22,United States,160.2
2022-01-23,United States,160.05
2022-01-24,United States,159.88
2022-01-25,United States,159.73
2022-01-26,United States,159.62
2022-01-27,United States,159.49
2022-01-28,United States,159.36
2022-01-29,United States,159.5
2022-01-30,United States,159.66
2022-01-31,United States,159.76
2022-02-01,United States,159.83
2022-02-02,United States,159.9
2022-02-03,United States,160.08
2022-02-04,United States,160.33
2022-02-05,United States,160.45
2022-02-06,United States,160.47
2022-02-07,United States,160.55
2022-02-08,United States,160.56
2022-02-09,United States,160.63
2022-02-10,United States,160.66
2022-02-11,United States,160.67
2022-02-12,United States,160.67
2022-02-13,United States,160.6
2022-02-14,United States,160.52
2022-02-15,United States,160.49
2022-02-16,United States,160.46
2022-02-17,United States,160.35
2022-02-18,United States,160.32
2022-02-19,United States,160.07
2022-02-20,United States,160.07
2022-02-21,United States,160.11
2022-02-22,United States,159.95
2022-02-23,United States,159.8
2022-02-24,United States,159.78
2022-02-25,United States,159.65
2022-02-26,United States,159.82
2022-02-27,United States,159.72
2022-02-28,United States,159.6
2022-03-01,United States,159.56
2022-03-02,United States,159.37
2022-03-03,United States,159.16
2022-03-04,United States,158.98
2022-03-05,United States,158.69
2022-03-06,United States,158.55
2022-03-07,United States,158.42
2022-03-08,United States,158.42
2022-03-09,United States,158.55
2022-03-10,United States,158.57
2022-03-11,United States,158.63
2022-03-12,United States,158.75
2022-03-13,United States,158.75
2022-03-14,United States,158.74
2022-03-15,United States,158.68
2022-03-16,United States,158.58
2022-03-17,United States,158.62
2022-03-18,United States,158.55
2022-03-19,United States,158.43
2022-03-20,United States,158.3
2022-03-21,United States,158.17
2022-03-22,United States,158.1
2022-03-23,United States,157.92
2022-03-24,United States,157.8
2022-03-25,United States,157.8
2022-03-26,United States,157.8
2022-03-27,United States,157.88
2022-03-28,United States,157.89
2022-03-29,United States,157.9
2022-03-30,United States,158.14
2022-03-31,United States,158.23
2022-04-01,United States,158.09
2022-04-02,United States,157.99
2022-04-03,United States,157.83
2022-04-04,United States,157.67
2022-04-05,United States,157.46
2022-04-06,United States,157.1
2022-04-07,United States,156.72
2022-04-08,United States,156.5
2022-04-09,United States,155.96
2022-04-10,United States,155.29
2022-04-11,United States,154.7
2022-04-12,United States,154.19
2022-04-13,United States,153.73
2022-04-14,United States,153.44
2022-04-15,United States,153.21
2022-04-16,United States,153.35
2022-04-17,United States,153.63
2022-04-18,United States,153.92
2022-04-19,United States,154.24
2022-04-20,United States,154.53
2022-04-21,United States,154.82
2022-04-22,United States,155.31
2022-04-23,United States,155.75
2022-04-24,United States,155.95
2022-04-25,United States,156.15
2022-04-26,United States,156.34
2022-04-27,United States,156.03
2022-04-28,United States,156.0
2022-04-29,United States,155.74
2022-04-30,United States,155.4
2022-05-01,United States,155.68
2022-05-02,United States,155.54
2022-05-03,United States,155.37
2022-05-04,United States,155.71
2022-05-05,United States,155.63
2022-05-06,United States,155.62
2022-05-07,United States,155.56
2022-05-08,United States,155.21
2022-05-09,United States,155.35
2022-05-10,United States,155.46
2022-05-11,United States,155.48
2022-05-12,United States,155.57
2022-05-13,United States,155.51
2022-05-14,United States,155.58
2022-05-15,United States,155.59
2022-05-16,United States,155.6
2022-05-17,United States,155.52
2022-05-18,United States,155.62
2022-05-19,United States,155.6
2022-05-20,United States,155.7
2022-05-21,United States,155.57
2022-05-22,United States,155.67
2022-05-23,United States,155.67
2022-05-24,United States,155.79
2022-05-25,United States,155.76
2022-05-26,United States,155.69
2022-05-27,United States,155.69
2022-05-28,United States,155.88
2022-05-29,United States,155.86
2022-05-30,United States,155.9
2022-05-31,United States,155.81
2022-06-01,United States,155.75
2022-06-02,United States,155.75
2022-06-03,United States,155.59
2022-06-04,United States,155.48
2022-06-05,United States,155.29
2022-06-06,United States,155.09
2022-06-07,United States,154.99
2022-06-08,United States,154.89
2022-06-09,United States,154.72
2022-06-10,United States,154.54
2022-06-11,United States,154.45
2022-06-12,United States,154.3
2022-06-13,United States,154.22
2022-06-14,United States,154.19
2022-06-15,United States,154.05
2022-06-16,United States,153.97
2022-06-17,United States,153.98
2022-06-18,United States,153.88
2022-06-19,United States,153.95
2022-06-20,United States,153.95
2022-06-21,United States,153.89
2022-06-22,United States,153.97
2022-06-23,United States,154.07
2022-06-24,United States,154.1
2022-06-25,United States,153.94
2022-06-26,United States,153.83
2022-06-27,United States,153.68
2022-06-28,United States,153.66
2022-06-29,United States,153.7
2022-06-30,United States,153.68
2022-07-01,United States,153.64
2022-07-02,United States,153.88
2022-07-03,United States,154.03
2022-07-04,United States,154.14
2022-07-05,United States,154.23
2022-07-06,United States,154.14
2022-07-07,United States,154.11
2022-07-08,United States,154.2
2022-07-09,United States,154.06
2022-07-10,United States,153.99
2022-07-11,United States,154.01
2022-07-12,United States,153.98
2022-07-13,United States,153.98
2022-07-14,United States,153.96
2022-07-15,United States,153.93
2022-07-16,United States,153.95
2022-07-17,United States,153.92
2022-07-18,United States,153.84
2022-07-19,United States,153.77
2022-07-20,United States,153.63
2022-07-21,United States,153.42
2022-07-22,United States,153.34
2022-07-23,United States,153.11
2022-07-24,United States,153.01
2022-07-25,United States,152.9
2022-07-26,United States,152.78
2022-07-27,United States,152.79
2022-07-28,United States,152.86
2022-07-29,United States,152.74
2022-07-30,United States,152.88
2022-07-31,United States,152.82
2022-08-01,United States,152.81
2022-08-02,United States,152.67
2022-08-03,United States,152.56
2022-08-04,United States,152.41
2022-08-05,United States,152.4
2022-08-06,United States,152.32
2022-08-07,United States,152.23
2022-08-08,United States,152.11
2022-08-09,United States,152.07
2022-08-10,United States,151.89
2022-08-11,United States,151.76
2022-08-12,United States,151.53
2022-08-13,United States,151.19
2022-08-14,United States,151.01
2022-08-15,United States,150.86
2022-08-16,United States,150.7
2022-08-17,United States,150.55
2022-08-18,United States,150.38
2022-08-19,United States,150.21
2022-08-20,United States,150.13
2022-08-21,United States,149.95
2022-08-22,United States,149.83
2022-08-23,United States,149.68
2022-08-24,United States,149.67
2022-08-25,United States,149.71
2022-08-26,United States,149.78
2022-08-27,United States,149.91
2022-08-28,United States,149.96
2022-08-29,United States,149.95
2022-08-30,United States,150.05
2022-08-31,United States,150.11
2022-09-01,United States,150.08
2022-09-02,United States,149.95
2022-09-03,United States,149.86
2022-09-04,United States,149.87
2022-09-05,United States,149.91
2022-09-06,United States,149.83
2022-09-07,United States,149.68
2022-09-08,United States,149.65
2022-09-09,United States,149.69
2022-09-10,United States,149.71
2022-09-11,United States,149.59
2022-09-12,United States,149.5
2022-09-13,United States,149.55
2022-09-14,United States,149.56
2022-09-15,United States,149.56
2022-09-16,United States,149.55
2022-09-17,United States,149.42
2022-09-18,United States,149.4
2022-09-19,United States,149.25
2022-09-20,United States,148.96
2022-09-21,United States,148.74
2022-09-22,United States,148.53
2022-09-23,United States,148.38
2022-09-24,United States,148.37
2022-09-25,United States,148.36
2022-09-26,United States,148.46
2022-09-27,United States,148.69
2022-09-28,United States,148.86
2022-09-29,United States,148.98
2022-09-30,United States,149.01
2022-10-01,United States,149.03
2022-10-02,United States,149.03
2022-10-03,United States,149.03
2022-10-04,United States,148.88
2022-10-05,United States,148.87
2022-10-06,United States,148.84
2022-10-07,United States,148.79
2022-10-08,United States,148.81
2022-10-09,United States,148.78
2022-10-10,United States,148.78
2022-10-11,United States,148.88
2022-10-12,United States,148.86
2022-10-13,United States,148.98
2022-10-14,United States,149.1
2022-10-15,United States,149.01
2022-10-16,United States,149.06
2022-10-17,United States,149.07
2022-10-18,United States,149.1
2022-10-19,United States,149.0
2022-10-20,United States,148.84
2022-10-21,United States,148.75
2022-10-22,United States,148.46
2022-10-23,United States,148.35
2022-10-24,United States,148.31
2022-10-25,United States,148.22
2022-10-26,United States,148.26
2022-10-27,United States,148.32
2022-10-28,United States,148.31
2022-10-29,United States,148.67
2022-10-30,United States,148.76
2022-10-31,United States,148.83
2022-11-01,United States,148.82
2022-11-02,United States,148.75
2022-11-03,United States,148.71
2022-11-04,United States,148.78
2022-11-05,United States,148.74
2022-11-06,United States,148.7
2022-11-07,United States,148.65
2022-11-08,United States,148.75
2022-11-09,United States,148.83
2022-11-10,United States,148.83
2022-11-11,United States,148.71
2022-11-12,United States,148.7
2022-11-13,United States,148.68
2022-11-14,United States,148.64
2022-11-15,United States,148.54
2022-11-16,United States,148.54
2022-11-17,United States,148.6
2022-11-18,United States,148.67
2022-11-19,United States,148.63
2022-11-20,United States,148.71
2022-11-21,United States,148.83
2022-11-22,United States,148.98
2022-11-23,United States,149.09
2022-11-24,United States,149.18
2022-11-25,United States,149.26
2022-11-26,United States,149.41
2022-11-27,United States,149.43
2022-11-28,United States,149.46
2022-11-29,United States,149.46
2022-11-30,United States,149.51
2022-12-01,United States,149.45
2022-12-02,United States,149.3
2022-12-03,United States,149.18
2022-12-04,United States,149.04
2022-12-05,United States,148.94
2022-12-06,United States,148.78
2022-12-07,United States,148.49
2022-12-08,United States,148.21
2022-12-09,United States,148.17
2022-12-10,United States,147.98
2022-12-11,United States,147.86
2022-12-12,United States,147.76
2022-12-13,United States,147.71
2022-12-14,United States,147.85
2022-12-15,United States,148.02
2022-12-16,United States,148.04
2022-12-17,United States,148.23
2022-12-18,United States,148.39
2022-12-19,United States,148.48
2022-12-20,United States,148.56
2022-12-21,United States,148.59
2022-12-22,United States,148.71
2022-12-23,United States,148.71
2022-12-24,United States,148.79
2022-12-25,United States,148.88
2022-12-26,United States,149.03
2022-12-27,United States,149.16
2022-12-28,United States,149.13
2022-12-29,United States,149.08
2022-12-30,United States,149.13
2022-12-31,United States,148.99
2023-01-01,United States,148.6
2023-01-02,United States,148.12
2023-01-03,United States,147.61
2023-01-04,United States,147.12
2023-01-05,United States,146.63
2023-01-06,United States,146.15
2023-01-07,United States,145.82
2023-01-08,United States,145.73
2023-01-09,United States,145.61
2023-01-10,United States,145.57
2023-01-11,United States,145.58
2023-01-12,United States,145.56
2023-01-13,United States,145.49
2023-01-14,United States,145.22
2023-01-15,United States,144.92
2023-01-16,United States,144.77
2023-01-17,United States,144.55
2023-01-18,United States,144.37
2023-01-19,United States,144.23
2023-01-20,United States,144.1
2023-01-21,United States,143.96
2023-01-22,United States,143.87
2023-01-23,United States,143.64
2023-01-24,United States,143.42
2023-01-25,United States,143.16
2023-01-26,United States,142.93
2023-01-27,United States,142.68
2023-01-28,United States,142.56
2023-01-29,United States,142.31
2023-01-30,United States,142.12
2023-01-31,United States,141.95
2023-02-01,United States,141.78
2023-02-02,United States,141.45
2023-02-03,United States,141.19
2023-02-04,United States,141.02
2023-02-05,United States,140.85
2023-02-06,United States,140.65
2023-02-07,United States,140.43
2023-02-08,United States,140.14
2023-02-09,United States,139.94
2023-02-10,United States,139.56
2023-02-11,United States,139.08
2023-02-12,United States,138.59
2023-02-13,United States,138.17
2023-02-14,United States,137.77
2023-02-15,United States,137.48
2023-02-16,United States,137.19
2023-02-17,United States,137.0
2023-02-18,United States,136.48
2023-02-19,United States,136.21
2023-02-20,United States,136.03
2023-02-21,United States,135.79
2023-02-22,United States,135.54
2023-02-23,United States,135.48
2023-02-24,United States,135.24
2023-02-25,United States,135.31
2023-02-26,United States,135.16
2023-02-27,United States,134.91
2023-02-28,United States,134.64
2023-03-01,United States,133.96
2023-03-02,United States,133.48
2023-03-03,United States,133.15
2023-03-04,United States,132.84
2023-03-05,United States,132.6
2023-03-06,United States,132.4
2023-03-07,United States,132.18
2023-03-08,United States,132.17
2023-03-09,United States,131.98
2023-03-10,United States,132.52
2023-03-11,United States,133.16
2023-03-12,United States,133.62
2023-03-13,United States,134.01
2023-03-14,United States,134.44
2023-03-15,United States,135.15
2023-03-16,United States,135.67
2023-03-17,United States,135.56
2023-03-18,United States,135.42
2023-03-19,United States,135.28
2023-03-20,United States,135.21
2023-03-21,United States,135.15
2023-03-22,United States,134.95
2023-03-23,United States,134.74
2023-03-24,United States,134.57
2023-03-25,United States,134.33
2023-03-26,United States,134.21
2023-03-27,United States,134.06
2023-03-28,United States,133.94
2023-03-29,United States,133.84
2023-03-30,United States,133.89
2023-03-31,United States,133.78
2023-04-01,United States,133.67
2023-04-02,United States,133.6
2023-04-03,United States,133.45
2023-04-04,United States,133.4
2023-04-05,United States,133.33
2023-04-06,United States,133.2
2023-04-07,United States,133.17
2023-04-08,United States,133.15
2023-04-09,United States,133.04
2023-04-10,United States,133.02
2023-04-11,United States,132.94
2023-04-12,United States,132.89
2023-04-13,United States,132.82
2023-04-14,United States,132.72
2023-04-15,United States,132.49
2023-04-16,United States,132.55
2023-04-17,United States,132.58
2023-04-18,United States,132.61
2023-04-19,United States,132.51
2023-04-20,United States,132.56
2023-04-21,United States,132.65
2023-04-22,United States,133.0
2023-04-23,United States,133.02
2023-04-24,United States,133.09
2023-04-25,United States,133.12
2023-04-26,United States,133.29
2023-04-27,United States,133.32
2023-04-28,United States,133.3
2023-04-29,United States,133.19
2023-04-30,United States,133.06
2023-05-01,United States,132.82
2023-05-02,United States,132.64
2023-05-03,United States,132.34
2023-05-04,United States,131.93
2023-05-05,United States,131.8
2023-05-06,United States,131.71
2023-05-07,United States,131.69
2023-05-08,United States,131.72
2023-05-09,United States,131.67
2023-05-10,United States,131.73
2023-05-11,United States,131.89
2023-05-12,United States,131.29
2023-05-13,United States,131.12
2023-05-14,United States,130.96
2023-05-15,United States,130.77
2023-05-16,United States,130.49
2023-05-17,United States,130.32
2023-05-18,United States,130.17
2023-05-19,United States,130.54
2023-05-20,United States,130.53
2023-05-21,United States,130.56
2023-05-22,United States,130.65
2023-05-23,United States,130.73
2023-05-24,United States,130.78
2023-05-25,United States,130.82
2023-05-26,United States,130.84
2023-05-27,United States,130.84
2023-05-28,United States,130.74
2023-05-29,United States,130.69
2023-05-30,United States,130.68
2023-05-31,United States,130.55
2023-06-01,United States,130.34
2023-06-02,United States,130.19
2023-06-03,United States,129.96
2023-06-04,United States,129.75
2023-06-05,United States,129.54
2023-06-06,United States,129.4
2023-06-07,United States,129.28
2023-06-08,United States,129.22
2023-06-09,United States,129.07
2023-06-10,United States,128.9
2023-06-11,United States,128.79
2023-06-12,United States,128.64
2023-06-13,United States,128.55
2023-06-14,United States,128.53
2023-06-15,United States,128.41
2023-06-16,United States,128.31
2023-06-17,United States,128.29
2023-06-18,United States,128.3
2023-06-19,United States,128.28
2023-06-20,United States,128.23
2023-06-21,United States,128.04
2023-06-22,United States,128.08
2023-06-23,United States,128.1
2023-06-24,United States,128.11
2023-06-25,United States,128.01
2023-06-26,United States,127.9
2023-06-27,United States,127.82
2023-06-28,United States,127.8
2023-06-29,United States,127.73
2023-06-30,United States,127.63
2023-07-01,United States,127.48
2023-07-02,United States,127.38
2023-07-03,United States,127.37
2023-07-04,United States,127.33
2023-07-05,United States,127.4
2023-07-06,United States,127.32
2023-07-07,United States,127.34
2023-07-08,United States,127.52
2023-07-09,United States,127.62
2023-07-10,United States,127.68
2023-07-11,United States,127.79
2023-07-12,United States,127.89
2023-07-13,United States,128.12
2023-07-14,United States,128.41
2023-07-15,United States,128.55
2023-07-16,United States,128.71
2023-07-17,United States,128.82
2023-07-18,United States,128.9
2023-07-19,United States,128.87
2023-07-20,United States,128.76
2023-07-21,United States,128.6
2023-07-22,United States,128.28
2023-07-23,United States,128.19
2023-07-24,United States,128.12
2023-07-25,United States,128.07
2023-07-26,United States,128.03
2023-07-27,United States,128.07
2023-07-28,United States,128.05
2023-07-29,United States,128.28
2023-07-30,United States,128.29
2023-07-31,United States,128.27
2023-08-01,United States,128.19
2023-08-02,United States,128.06
2023-08-03,United States,127.95
2023-08-04,United States,127.87
2023-08-05,United States,127.8
2023-08-06,United States,127.69
2023-08-07,United States,127.63
2023-08-08,United States,127.61
2023-08-09,United States,127.63
2023-08-10,United States,127.62
2023-08-11,United States,127.58
2023-08-12,United States,127.42
2023-08-13,United States,127.4
2023-08-14,United States,127.37
2023-08-15,United States,127.35
2023-08-16,United States,127.31
2023-08-17,United States,127.27
2023-08-18,United States,127.24
2023-08-19,United States,127.28
2023-08-20,United States,127.21
2023-08-21,United States,127.19
2023-08-22,United States,127.05
2023-08-23,United States,126.91
2023-08-24,United States,126.88
2023-08-25,United States,126.89
2023-08-26,United States,126.89
2023-08-27,United States,126.93
2023-08-28,United States,126.98
2023-08-29,United States,127.15
2023-08-30,United States,127.37
2023-08-31,United States,127.49
2023-09-01,United States,127.39
2023-09-02,United States,127.43
2023-09-03,United States,127.34
2023-09-04,United States,127.35
2023-09-05,United States,127.32
2023-09-06,United States,127.31
2023-09-07,United States,127.34
2023-09-08,United States,127.5
2023-09-09,United States,127.63
2023-09-10,United States,127.87
2023-09-11,United States,128.0
2023-09-12,United States,128.08
2023-09-13,United States,128.19
2023-09-14,United States,128.28
2023-09-15,United States,128.34
2023-09-16,United States,128.32
2023-09-17,United States,128.01
2023-09-18,United States,127.67
2023-09-19,United States,127.37
2023-09-20,United States,127.03
2023-09-21,United States,126.73
2023-09-22,United States,126.47
2023-09-23,United States,126.19
2023-09-24,United States,126.24
2023-09-25,United States,126.37
2023-09-26,United States,126.55
2023-09-27,United States,126.72
2023-09-28,United States,126.85
2023-09-29,United States,126.98
2023-09-30,United States,127.04
2023-10-01,United States,127.05
2023-10-02,United States,126.94
2023-10-03,United States,126.86
2023-10-04,United States,126.79
2023-10-05,United States,126.76
2023-10-06,United States,126.67
2023-10-07,United States,126.72
2023-10-08,United States,126.75
2023-10-09,United States,126.86
2023-10-10,United States,126.92
2023-10-11,United States,126.97
2023-10-12,United States,127.03
2023-10-13,United States,127.11
2023-10-14,United States,127.12
2023-10-15,United States,127.17
2023-10-16,United States,127.19
2023-10-17,United States,127.21
2023-10-18,United States,127.22
2023-10-19,United States,127.14
2023-10-20,United States,127.03
2023-10-21,United States,126.82
2023-10-22,United States,126.75
2023-10-23,United States,126.7
2023-10-24,United States,126.69
2023-10-25,United States,126.67
2023-10-26,United States,126.73
2023-10-27,United States,126.75
2023-10-28,United States,126.94
2023-10-29,United States,126.94
2023-10-30,United States,127.0
2023-10-31,United States,126.98
2023-11-01,United States,127.05
2023-11-02,United States,126.92
2023-11-03,United States,126.9
2023-11-04,United States,126.87
2023-11-05,United States,126.8
2023-11-06,United States,126.68
2023-11-07,United States,126.55
2023-11-08,United States,126.34
2023-11-09,United States,126.18
2023-11-10,United States,126.0
2023-11-11,United States,125.77
2023-11-12,United States,125.59
2023-11-13,United States,125.44
2023-11-14,United States,125.3
2023-11-15,United States,125.02
2023-11-16,United States,125.02
2023-11-17,United States,125.01
2023-11-18,United States,124.95
2023-11-19,United States,125.0
2023-11-20,United States,125.07
2023-11-21,United States,125.16
2023-11-22,United States,125.18
2023-11-23,United States,125.22
2023-11-24,United States,125.2
2023-11-25,United States,125.21
2023-11-26,United States,125.15
2023-11-27,United States,125.05
2023-11-28,United States,125.0
2023-11-29,United States,125.21
2023-11-30,United States,125.21
2023-12-01,United States,125.23
2023-12-02,United States,125.23
2023-12-03,United States,125.25
2023-12-04,United States,125.32
2023-12-05,United States,125.35
2023-12-06,United States,125.32
2023-12-07,United States,125.36
2023-12-08,United States,125.41
2023-12-09,United States,125.32
2023-12-10,United States,125.39
2023-12-11,United States,125.41
2023-12-12,United States,125.4
2023-12-13,United States,125.34
2023-12-14,United States,125.29
2023-12-15,United States,125.2
2023-12-16,United States,125.24
2023-12-17,United States,124.96
2023-12-18,United States,124.86
2023-12-19,United States,124.79
2023-12-20,United States,124.78
2023-12-21,United States,124.75
2023-12-22,United States,124.79
2023-12-23,United States,124.87
2023-12-24,United States,125.17
2023-12-25,United States,125.41
2023-12-26,United States,125.61
2023-12-27,United States,125.81
2023-12-28,United States,125.9
2023-12-29,United States,125.94
2023-12-30,United States,125.92
2023-12-31,United States,125.71
2024-01-01,United States,125.23
2024-01-02,United States,124.69
2024-01-03,United States,124.22
2024-01-04,United States,124.04
2024-01-05,United States,123.89
2024-01-06,United States,123.71
2024-01-07,United States,123.67
2024-01-08,United States,123.75
2024-01-09,United States,123.92
2024-01-10,United States,124.01
2024-01-11,United States,123.9
2024-01-12,United States,123.76
2024-01-13,United States,123.58
2024-01-14,United States,123.43
2024-01-15,United States,123.3
2024-01-16,United States,123.09
2024-01-17,United States,122.91
2024-01-18,United States,122.75
2024-01-19,United States,122.6
2024-01-20,United States,122.56
2024-01-21,United States,122.42
2024-01-22,United States,122.28
2024-01-23,United States,122.19
2024-01-24,United States,121.94
2024-01-25,United States,121.68
2024-01-26,United States,121.42
2024-01-27,United States,121.24
2024-01-28,United States,121.05
2024-01-29,United States,120.88
2024-01-30,United States,120.71
2024-01-31,United States,120.63
2024-02-01,United States,120.57
2024-02-02,United States,120.47
2024-02-03,United States,120.44
2024-02-04,United States,120.41
2024-02-05,United States,120.34
2024-02-06,United States,120.3
2024-02-07,United States,120.33
2024-02-08,United States,120.35
2024-02-09,United States,120.42
2024-02-10,United States,120.33
2024-02-11,United States,120.21
2024-02-12,United States,120.2
2024-02-13,United States,120.13
2024-02-14,United States,120.11
2024-02-15,United States,120.0
2024-02-16,United States,119.86
2024-02-17,United States,119.5
2024-02-18,United States,119.52
2024-02-19,United States,119.46
2024-02-20,United States,119.39
2024-02-21,United States,119.23
2024-02-22,United States,118.99
2024-02-23,United States,118.81
2024-02-24,United States,118.95
2024-02-25,United States,118.7
2024-02-26,United States,118.47
2024-02-27,United States,118.26
2024-02-28,United States,118.08
2024-02-29,United States,118.13
2024-03-01,United States,117.93
2024-03-02,United States,117.72
2024-03-03,United States,117.61
2024-03-04,United States,117.5
2024-03-05,United States,117.45
2024-03-06,United States,117.46
2024-03-07,United States,117.49
2024-03-08,United States,117.68
2024-03-09,United States,117.94
2024-03-10,United States,118.14
2024-03-11,United States,118.31
2024-03-12,United States,118.45
2024-03-13,United States,118.55
2024-03-14,United States,118.57
2024-03-15,United States,118.64
2024-03-16,United States,118.52
2024-03-17,United States,118.49
2024-03-18,United States,118.45
2024-03-19,United States,118.45
2024-03-20,United States,118.37
2024-03-21,United States,118.31
2024-03-22,United States,118.14
2024-03-23,United States,118.16
2024-03-24,United States,118.04
2024-03-25,United States,118.0
2024-03-26,United States,117.91
2024-03-27,United States,117.85
2024-03-28,United States,117.78
2024-03-29,United States,117.81
2024-03-30,United States,117.79
2024-03-31,United States,117.81
2024-04-01,United States,117.65
2024-04-02,United States,117.57
2024-04-03,United States,117.52
2024-04-04,United States,117.47
2024-04-05,United States,117.4
2024-04-06,United States,117.27
2024-04-07,United States,117.17
2024-04-08,United States,117.17
2024-04-09,United States,117.08
2024-04-10,United States,117.0
2024-04-11,United States,116.9
2024-04-12,United States,116.72
2024-04-13,United States,116.53
2024-04-14,United States,116.38
2024-04-15,United States,116.26
2024-04-16,United States,116.08
2024-04-17,United States,115.91
2024-04-18,United States,115.71
2024-04-19,United States,115.59
2024-04-20,United States,115.41
2024-04-21,United States,115.3
2024-04-22,United States,115.21
2024-04-23,United States,115.19
2024-04-24,United States,115.13
2024-04-25,United States,115.14
2024-04-26,United States,115.08
2024-04-27,United States,115.12
2024-04-28,United States,115.07
2024-04-29,United States,115.02
2024-04-30,United States,114.86
2024-05-01,United States,114.59
2024-05-02,United States,114.34
2024-05-03,United States,114.19
2024-05-04,United States,114.03
2024-05-05,United States,113.9
2024-05-06,United States,113.76
2024-05-07,United States,113.77
2024-05-08,United States,113.93
2024-05-09,United States,114.02
2024-05-10,United States,114.09
2024-05-11,United States,114.16
2024-05-12,United States,114.18
2024-05-13,United States,114.2
2024-05-14,United States,114.16
2024-05-15,United States,114.01
2024-05-16,United States,113.89
2024-05-17,United States,113.71
2024-05-18,United States,113.23
2024-05-19,United States,112.58
2024-05-20,United States,111.96
2024-05-21,United States,111.35
2024-05-22,United States,111.27
2024-05-23,United States,111.14
2024-05-24,United States,111.06
2024-05-25,United States,111.24
2024-05-26,United States,111.64
2024-05-27,United States,112.03
2024-05-28,United States,112.35
2024-05-29,United States,112.22
2024-05-30,United States,112.15
2024-05-31,United States,112.11
2024-06-01,United States,112.08
2024-06-02,United States,112.01
2024-06-03,United States,111.94
2024-06-04,United States,111.93
2024-06-05,United States,111.97
2024-06-06,United States,111.97
2024-06-07,United States,111.98
2024-06-08,United States,112.03
2024-06-09,United States,112.05
2024-06-10,United States,112.05
2024-06-11,United States,112.06
2024-06-12,United States,112.02
2024-06-13,United States,111.97
2024-06-14,United States,111.87
2024-06-15,United States,111.61
2024-06-16,United States,111.58
2024-06-17,United States,111.54
2024-06-18,United States,111.5
2024-06-19,United States,111.47
2024-06-20,United States,111.47
2024-06-21,United States,111.36
2024-06-22,United States,111.45
2024-06-23,United States,111.37
2024-06-24,United States,111.33
2024-06-25,United States,111.26
2024-06-26,United States,111.2
2024-06-27,United States,111.12
2024-06-28,United States,111.22
2024-06-29,United States,111.2
2024-06-30,United States,111.18
2024-07-01,United States,111.12
2024-07-02,United States,111.16
2024-07-03,United States,111.28
2024-07-04,United States,111.43
2024-07-05,United States,111.5
2024-07-06,United States,111.63
2024-07-07,United States,111.78
2024-07-08,United States,111.94
2024-07-09,United States,112.07
2024-07-10,United States,112.11
2024-07-11,United States,112.14
2024-07-12,United States,112.27
2024-07-13,United States,112.4
2024-07-14,United States,112.49
2024-07-15,United States,112.6
2024-07-16,United States,112.68
2024-07-17,United States,112.78
2024-07-18,United States,112.84
2024-07-19,United States,112.89
2024-07-20,United States,112.66
2024-07-21,United States,112.69
2024-07-22,United States,112.77
2024-07-23,United States,112.86
2024-07-24,United States,112.92
2024-07-25,United States,112.99
2024-07-26,United States,113.01
2024-07-27,United States,113.25
2024-07-28,United States,113.26
2024-07-29,United States,113.21
2024-07-30,United States,113.21
2024-07-31,United States,113.2
2024-08-01,United States,113.13
2024-08-02,United States,113.1
2024-08-03,United States,113.07
2024-08-04,United States,112.99
2024-08-05,United States,112.94
2024-08-06,United States,112.82
2024-08-07,United States,112.73
2024-08-08,United States,112.71
2024-08-09,United States,112.61
2024-08-10,United States,112.48
2024-08-11,United States,112.47
2024-08-12,United States,112.41
2024-08-13,United States,112.37
2024-08-14,United States,112.29
2024-08-15,United States,112.23
2024-08-16,United States,112.22
2024-08-17,United States,112.22
2024-08-18,United States,112.16
2024-08-19,United States,112.08
2024-08-20,United States,111.91
2024-08-21,United States,111.77
2024-08-22,United States,111.64
2024-08-23,United States,111.54
2024-08-24,United States,111.44
2024-08-25,United States,111.33
2024-08-26,United States,111.28
2024-08-27,United States,111.35
2024-08-28,United States,111.43
2024-08-29,United States,111.47
2024-08-30,United States,111.49
2024-08-31,United States,111.54
2024-09-01,United States,111.54
2024-09-02,United States,111.52
2024-09-03,United States,111.41
2024-09-04,United States,111.32
2024-09-05,United States,111.26
2024-09-06,United States,111.2
2024-09-07,United States,111.25
2024-09-08,United States,111.35
2024-09-09,United States,111.47
2024-09-10,United States,111.64
2024-09-11,United States,111.79
2024-09-12,United States,111.88
2024-09-13,United States,112.01
2024-09-14,United States,112.1
2024-09-15,United States,112.18
2024-09-16,United States,112.26
2024-09-17,United States,112.32
2024-09-18,United States,112.43
2024-09-19,United States,112.54
2024-09-20,United States,112.57
2024-09-21,United States,112.51
2024-09-22,United States,112.48
2024-09-23,United States,112.46
2024-09-24,United States,112.44
2024-09-25,United States,112.39
2024-09-26,United States,112.39
2024-09-27,United States,112.42
2024-09-28,United States,112.44
2024-09-29,United States,112.55
2024-09-30,United States,112.63
2024-10-01,United States,112.62
2024-10-02,United States,112.57
2024-10-03,United States,112.44
2024-10-04,United States,112.42
2024-10-05,United States,112.45
2024-10-06,United States,112.35
2024-10-07,United States,112.24
2024-10-08,United States,112.24
2024-10-09,United States,112.25
2024-10-10,United States,112.24
2024-10-11,United States,111.96
2024-10-12,United States,111.81
2024-10-13,United States,111.69
2024-10-14,United States,111.51
2024-10-15,United States,111.26
2024-10-16,United States,111.02
2024-10-17,United States,110.88
2024-10-18,United States,110.75
2024-10-19,United States,110.35
2024-10-20,United States,110.08
2024-10-21,United States,109.82
2024-10-22,United States,109.67
2024-10-23,United States,109.57
2024-10-24,United States,109.43
2024-10-25,United States,109.47
